,0
0,allstem
1,connections
2,looking
3,infrastructure
4,engineer
5,work
6,columbus
7,ohio
8,contract
9,direct
10,hire
11,opportunity
12,benefits
13,currently
14,multiple
15,openings
16,junior
17,advanced
18,levels
19,experience
20,pay
21,depending
22,experience
23,product
24,specialist
25,responsible
26,management
27,complex
28,technology
29,related
30,tasks
31,action
32,related
33,programs
34,projects
35,require
36,enablement
37,strategic
38,solution
39,across
40,applications
41,accounts
42,users
43,identity
44,access
45,management
46,program
47,supports
48,gti•s
49,control
50,requirements
51,necessary
52,reduce
53,risk
54,firm
55,technical
56,role
57,requires
58,product
59,specialist
60,ability
61,understand
62,manage
63,enablement
64,access
65,control
66,measures
67,across
68,multiple
69,teams
70,systems
71,accounts
72,applications
73,driving
74,delivery
75,identity
76,access
77,management
78,privileged
79,access
80,actions
81,portfolio
82,across
83,services
84,working
85,closely
86,multiple
87,gti
88,lob
89,technology
90,teams
91,interfacing
92,senior
93,managers
94,stakeholders
95,organization
96,within
97,significant
98,program
99,strong
100,leadership
101,excellent
102,oral
103,written
104,communications
105,ability
106,remain
107,calm
108,perform
109,pressure
110,must
111,responsibilities
112,privilege
113,access
114,management
115,pam
116,experience
117,knowledge
118,thereof
119,experience
120,including
121,solid
122,knowledge
123,identity
124,access
125,management
126,controls
127,principles
128,methods
129,knowledge
130,experience
131,commercially
132,known
133,pam
134,solutions
135,beyondtrust
136,arcon
137,cyberark
138,others
139,familiarity
140,experience
141,identity
142,access
143,management
144,iam
145,domain
146,min
147,2
148,5
149,years
150,experience
151,privilege
152,access
153,elevated
154,authorization
155,identification
156,requirements
157,associated
158,applications
159,accounts
160,systems
161,working
162,knowledge
163,different
164,connector
165,types
166,application
167,architecture
168,design
169,must
170,comfortable
171,planning
172,driving
173,application
174,teams
175,integration
176,strategic
177,solutions
178,users
179,systems
180,privilege
181,access
182,knowledge
183,project
184,program
185,management
186,requirements
187,process
188,excellent
189,multitasking
190,prioritizing
191,skills
192,ability
193,execute
194,multiple
195,complex
196,tasks
197,excellent
198,oral
199,written
200,communication
201,skills
202,across
203,functions
204,teams
205,chain
206,command
207,data
208,analysis
209,understand
210,interpret
211,validate
212,manipulate
213,data
214,using
215,excel
216,tools
217,present
218,conclusions
219,key
220,stakeholders
221,analyze
222,current
223,access
224,management
225,model
226,applications
227,identify
228,gaps
229,suggest
230,solutions
231,onboarding
232,strategic
233,iam
234,tools
235,including
236,sophia
237,password
238,vaulting
239,firmwide
240,solutions
241,qualifications
242,bachelor
243,'s
244,degree
245,technology
246,information
247,security
248,related
249,area
250,preferred
251,2+
252,/5+
253,years
254,related
255,technology
256,experience
257,working
258,multiple
259,technologies
260,complex
261,large
262,scale
263,cross-functional
264,project
265,management
266,preferably
267,financial
268,services
269,industry
270,security+
271,cissp
272,cisa
273,security
274,related
275,certification
276,preferred
277,allstem
278,connections
279,equal
280,opportunity
281,employer
282,discriminate
283,person
284,basis
285,race
286,religion
287,color
288,gender
289,gender
290,identity
291,sexual
292,orientation
293,age
294,national
295,origin
296,disability
297,veteran
298,status
299,status
300,condition
301,protected
302,law
303,allstem
304,connections
305,proud
306,equal
307,opportunity
308,employer
309,pursuant
310,applicable
311,state
312,municipal
313,fair
314,chance
315,laws
316,ordinances
317,consider
318,employment
319,qualified
320,applicants
321,arrest
322,conviction
323,records
324,high
325,school
326,0-1
327,years
328,start
329,job
330,application
331,click
332,easy
333,apply
334,show
335,less
336,job
337,1310324
338,job
339,description
340,apex
341,systems
342,seeking
343,quality
344,systems
345,management
346,specialist
347,work
348,remotely
349,within
350,united
351,states
352,support
353,fortune
354,100
355,company
356,immediate
357,consideration
358,send
359,updated
360,resume
361,jailene
362,jblanco
363,apexsystems.com
364,summary
365,temperature
366,management
367,responsible
368,managing
369,pharmaceutical
370,medical
371,temperature
372,excursions
373,contacting
374,medical
375,pharmaceutical
376,manufacturers
377,obtain
378,product
379,stability
380,information
381,location
382,experiences
383,temperature
384,excursion
385,evaluating
386,stability
387,data
388,impact
389,product
390,ensure
391,patient
392,safety
393,assists
394,facilities
395,completing
396,temperature
397,excursion
398,documentation
399,ensure
400,required
401,information
402,captured
403,website
404,management
405,responsible
406,providing
407,support
408,users
409,testing
410,enhancements
411,user
412,provisioning
413,demonstrates
414,basic
415,knowledge
416,website
417,architecture
418,user
419,functionality
420,liaison
421,users
422,field
423,corporate
424,website
425,owners
426,process
427,subject
428,matter
429,experts
430,qra
431,creating
432,alliance
433,website
434,owners
435,qra
436,pillar
437,directors
438,qra
439,prioritization
440,scheduling
441,enhancement
442,fixes
443,accountabilities
444,temperature
445,disposition
446,processing
447,contacting
448,medical
449,pharmaceutical
450,manufacturers
451,location
452,experiences
453,temperature
454,excursion
455,evaluating
456,stability
457,data
458,impact
459,product
460,ensure
461,patient
462,safety
463,escalating
464,issues
465,may
466,result
467,internal
468,initiated
469,product
470,recall
471,maintains
472,database
473,temperature
474,excursions
475,stability
476,data
477,received
478,manufacturers
479,supports
480,site
481,personnel
482,temperature
483,excursions
484,occur
485,supporting
486,implementation
487,eqms
488,pharmaceutical
489,distribution
490,include
491,following
492,working
493,subject
494,matter
495,experts
496,various
497,projects
498,assigned
499,miscellaneous
500,duties
501,assigned
502,manager
503,quality
504,management
505,supervisor
506,quality
507,management
508,daily
509,utilization
510,microsoft
511,products
512,word
513,excel
514,powerpoint
515,prior
516,experience
517,sharepoint
518,required
519,supporting
520,pharmaceutical
521,medical
522,canada
523,website
524,management
525,miscellaneous
526,duties
527,assigned
528,manager
529,quality
530,management
531,principal
532,specialist
533,quality
534,assurance
535,user
536,provisioning
537,websites
538,provides
539,appropriate
540,access
541,facility
542,role
543,qualifications
544,bachelors
545,related
546,field
547,equivalent
548,work
549,experience
550,preferred
551,2+
552,years
553,experience
554,related
555,field
556,preferred
557,attention
558,detail
559,ability
560,manage
561,timelines
562,priorities
563,ability
564,work
565,independently
566,minimum
567,guidance
568,ability
569,multi-task
570,eeo
571,employer
572,apex
573,systems
574,equal
575,opportunity
576,employer
577,discriminate
578,allow
579,discrimination
580,basis
581,race
582,color
583,religion
584,creed
585,sex
586,including
587,pregnancy
588,childbirth
589,breastfeeding
590,related
591,medical
592,conditions
593,age
594,sexual
595,orientation
596,gender
597,identity
598,national
599,origin
600,ancestry
601,citizenship
602,genetic
603,information
604,registered
605,domestic
606,partner
607,status
608,marital
609,status
610,disability
611,status
612,crime
613,victim
614,protected
615,veteran
616,status
617,political
618,affiliation
619,union
620,membership
621,characteristic
622,protected
623,law
624,apex
625,consider
626,qualified
627,applicants
628,criminal
629,histories
630,manner
631,consistent
632,requirements
633,applicable
634,law
635,visited
636,website
637,search
638,information
639,employment
640,opportunities
641,apply
642,position
643,require
644,accommodation
645,using
646,website
647,search
648,application
649,please
650,contact
651,employee
652,services
653,department
654,employeeservices
655,apexsystems.com
656,844-463-6178
657,employee
658,type
659,contract
660,remote
661,yes
662,location
663,columbus
664,oh
665,us
666,job
667,type
668,date
669,posted
670,november
671,10
672,2022
673,show
674,less
675,challenge
676,user
677,tries
678,new
679,system
680,expect
681,intuitive
682,run
683,smoothly
684,functionality
685,reliability
686,user
687,experience
688,key
689,successful
690,information
691,systems–and
692,means
693,rigorous
694,testing
695,need
696,aspiring
697,quality
698,assurance
699,specialist
700,eager
701,help
702,thoroughly
703,test
704,software
705,ensure
706,team
707,releases
708,best
709,system
710,possible
711,salesforce
712,quality
713,assurance
714,specialist
715,work
716,analysts
717,testers
718,developers
719,engineers
720,team
721,evaluates
722,developed
723,systems
724,support
725,department
726,veterans
727,affairs
728,va
729,help
730,develop
731,implement
732,test
733,plan
734,based
735,requirements
736,functional
737,specifications
738,design
739,specifications
740,using
741,requirements
742,analysis
743,software
744,quality
745,assurance
746,generate
747,problem
748,resolutions
749,track
750,quality
751,assurance
752,standards
753,see
754,system
755,performs
756,document
757,results
758,communicate
759,system
760,flaws
761,development
762,team
763,start
764,improving
765,tool
766,build
767,experience
768,various
769,types
770,testing
771,including
772,manual
773,performance
774,accessibility
775,usability
776,user
777,acceptance
778,testing
779,testing
780,process
781,improvement
782,opportunity
783,broaden
784,skills
785,documenting
786,solving
787,system
788,deficiencies
789,well
790,leading
791,mentoring
792,others
793,estimating
794,testing
795,efforts
796,ready
797,make
798,impact
799,transforming
800,modernizing
801,healthcare
802,systems
803,military
804,veterans
805,work
806,us
807,build
808,systems
809,change
810,veterans
811,affairs
812,better
813,position
814,open
815,remote
816,delivery
817,anywhere
818,within
819,u.s.
820,include
821,district
822,columbia
823,join
824,us
825,world
826,wait
827,2+
828,years
829,experience
830,quality
831,assurance
832,methodology
833,knowledge
834,agile
835,methodology
836,regression
837,testing
838,knowledge
839,test
840,management
841,software
842,including
843,qtest
844,zephyr
845,loadrunner
846,rational
847,xray
848,sql
849,knowledge
850,jira
851,ability
852,document
853,troubleshoot
854,errors
855,enhance
856,software
857,development
858,ability
859,obtain
860,maintain
861,public
862,trust
863,suitability/fitness
864,determination
865,based
866,client
867,requirements
868,hs
869,diploma
870,ged
871,4+
872,years
873,experience
874,software
875,development
876,quality
877,assurance
878,bachelor
879,degree
880,2+
881,years
882,experience
883,software
884,development
885,quality
886,assurance
887,nice
888,2+
889,years
890,experience
891,salesforce
892,experience
893,eggplant
894,automation
895,testing
896,experience
897,508
898,accessibility
899,testing
900,possession
901,excellent
902,verbal
903,written
904,communication
905,skills
906,possession
907,excellent
908,organizational
909,troubleshooting
910,skills
911,salesforce
912,certification
913,vetting
914,applicants
915,selected
916,subject
917,government
918,investigation
919,may
920,need
921,meet
922,eligibility
923,requirements
924,u.s.
925,government
926,client
927,compensation
928,booz
929,allen
930,celebrate
931,contributions
932,provide
933,opportunities
934,choices
935,support
936,total
937,well-being
938,offerings
939,include
940,health
941,life
942,disability
943,financial
944,retirement
945,benefits
946,well
947,paid
948,leave
949,professional
950,development
951,tuition
952,assistance
953,work-life
954,programs
955,dependent
956,care
957,recognition
958,awards
959,program
960,acknowledges
961,employees
962,exceptional
963,performance
964,superior
965,demonstration
966,values
967,full
968,time
969,part
970,time
971,employees
972,working
973,least
974,20
975,hours
976,week
977,regular
978,basis
979,eligible
980,participate
981,booz
982,allen
983,benefit
984,programs
985,individuals
986,meet
987,threshold
988,eligible
989,select
990,offerings
991,inclusive
992,health
993,benefits
994,salary
995,position
996,determined
997,various
998,factors
999,including
1000,limited
1001,location
1002,candidate
1003,particular
1004,combination
1005,knowledge
1006,skills
1007,competencies
1008,experience
1009,well
1010,contract
1011,specific
1012,affordability
1013,organizational
1014,requirements
1015,proposed
1016,salary
1017,range
1018,position
1019,outlined
1020,colorado
1021,"65,000"
1022,"90,000"
1023,annualized
1024,usd
1025,new
1026,york
1027,including
1028,new
1029,york
1030,city
1031,"75,000"
1032,"100,000"
1033,annualized
1034,usd
1035,build
1036,career
1037,challenging
1038,dynamic
1039,work
1040,environment
1041,offer
1042,join
1043,booz
1044,allen
1045,access
1046,experts
1047,virtually
1048,every
1049,field
1050,culture
1051,focuses
1052,supporting
1053,employees
1054,opportunities
1055,provide
1056,stability
1057,offering
1058,variety
1059,also
1060,exposed
1061,wealth
1062,training
1063,resources
1064,digital
1065,university
1066,online
1067,learning
1068,portal
1069,featuring
1070,5000
1071,functional
1072,technical
1073,courses
1074,certifications
1075,books
1076,build
1077,technical
1078,skills
1079,hands-on
1080,training
1081,latest
1082,tools
1083,tech
1084,in-house
1085,experts
1086,pursuing
1087,certifications
1088,directly
1089,impact
1090,role
1091,may
1092,able
1093,take
1094,advantage
1095,tuition
1096,assistance
1097,on-site
1098,boot
1099,camps
1100,certification
1101,training
1102,academic
1103,programs
1104,vendor
1105,relationships
1106,network
1107,professionals
1108,give
1109,helpful
1110,tips
1111,help
1112,develop
1113,career
1114,want
1115,chart
1116,course
1117,success
1118,equal
1119,employment
1120,opportunity/affirmative
1121,action
1122,employer
1123,empowers
1124,people
1125,fearlessly
1126,drive
1127,change
1128,–
1129,matter
1130,race
1131,color
1132,ethnicity
1133,religion
1134,sex
1135,including
1136,pregnancy
1137,childbirth
1138,lactation
1139,related
1140,medical
1141,conditions
1142,national
1143,origin
1144,ancestry
1145,age
1146,marital
1147,status
1148,sexual
1149,orientation
1150,gender
1151,identity
1152,expression
1153,disability
1154,veteran
1155,status
1156,military
1157,uniformed
1158,service
1159,member
1160,status
1161,genetic
1162,information
1163,status
1164,protected
1165,applicable
1166,federal
1167,state
1168,local
1169,international
1170,law
1171,id17-c
1172,start
1173,job
1174,application
1175,click
1176,apply
1177,show
1178,less
1179,ey
1180,gignow
1181,immediate
1182,opening
1183,identity
1184,access
1185,management
1186,ic
1187,identity
1188,specialist
1189,contractor
1190,responsibilities
1191,analyzing
1192,production
1193,contingency
1194,plans
1195,test
1196,status
1197,documenting
1198,recommendations
1199,gaps
1200,risks
1201,associated
1202,production
1203,contingency
1204,plans
1205,testing
1206,collaborating
1207,across
1208,global
1209,ey
1210,teams
1211,develop
1212,standard
1213,end-to-end
1214,process
1215,production
1216,contingency
1217,planning
1218,testing
1219,collaborating
1220,across
1221,global
1222,ey
1223,identity
1224,teams
1225,create
1226,maintain
1227,production
1228,contingency
1229,plans
1230,identifying
1231,technology
1232,risks
1233,potential
1234,disrupt
1235,identity
1236,services
1237,skills
1238,disaster
1239,recovery
1240,software
1241,disaster
1242,recovery
1243,management
1244,qualifications
1245,qualifications
1246,experience
1247,disaster
1248,recovery
1249,3+
1250,years
1251,experience
1252,working
1253,business
1254,continuity
1255,role
1256,ability
1257,bring
1258,clarity
1259,questionable
1260,situations
1261,problem
1262,solver
1263,strong
1264,analytical
1265,troubleshooting
1266,skills
1267,must
1268,understanding
1269,sailpoint
1270,microsoft
1271,identity
1272,manager
1273,mim
1274,large
1275,scale
1276,commercial
1277,identity
1278,management
1279,solution
1280,large
1281,scale
1282,okta
1283,oracle
1284,identity
1285,manager
1286,oim
1287,saviynt
1288,gignowopportunities
1289,gignowtechopportunities
1290,equal
1291,employment
1292,opportunity
1293,information
1294,ey
1295,provides
1296,equal
1297,opportunities
1298,applicants
1299,employees
1300,contractors
1301,vendors
1302,stakeholders
1303,without
1304,regard
1305,race
1306,color
1307,religion
1308,age
1309,sex
1310,sexual
1311,orientation
1312,gender
1313,identity/expression
1314,national
1315,origin
1316,protected
1317,veteran
1318,status
1319,disability
1320,status
1321,legally
1322,protected
1323,basis
1324,including
1325,arrest
1326,conviction
1327,records
1328,qualified
1329,individual
1330,disability
1331,either
1332,need
1333,assistance
1334,applying
1335,online
1336,need
1337,request
1338,accommodation
1339,interview
1340,process
1341,please
1342,email
1343,gignow.recruiting
1344,ey.com
1345,show
1346,less
1347,position
1348,full
1349,time
1350,remote
1351,work
1352,home
1353,opportunity
1354,must
1355,reside
1356,within
1357,state
1358,florida
1359,position
1360,summary\
1361,primary
1362,focus
1363,identity
1364,access
1365,management
1366,specialist
1367,creating
1368,identity
1369,access
1370,management
1371,iam
1372,tasks
1373,assigning
1374,service
1375,requests
1376,srs
1377,within
1378,health
1379,firsts
1380,information
1381,managements
1382,information
1383,technology
1384,service
1385,management
1386,tool
1387,itsm
1388,role
1389,aligns
1390,security
1391,management
1392,strategy
1393,business
1394,goals
1395,excellent
1396,user
1397,experience
1398,managing
1399,access
1400,resources
1401,services
1402,enforcing
1403,business
1404,privacy
1405,security
1406,policies
1407,role
1408,assist
1409,health
1410,first
1411,associates
1412,vendors
1413,gaining
1414,appropriate
1415,level
1416,access
1417,resources
1418,services
1419,order
1420,provide
1421,services
1422,customers
1423,qualification
1424,qualifications
1425,required\
1426,education\
1427,high
1428,school
1429,diploma
1430,equivalent
1431,licensure\
1432,na
1433,certification\
1434,na
1435,work
1436,experience
1437,related
1438,field\
1439,1-year
1440,technology
1441,support
1442,related
1443,field
1444,work
1445,experience
1446,lieu
1447,degree\
1448,na
1449,knowledge/skills/abilities\
1450,demonstrates
1451,ability
1452,interpret
1453,communicate
1454,verbally
1455,writing
1456,complete
1457,information
1458,clear
1459,concise
1460,mannero
1461,working
1462,background
1463,health
1464,care
1465,proficient
1466,outlook
1467,proficient
1468,excel
1469,qualifications
1470,preferred\
1471,education\
1472,associates
1473,degree
1474,licensure\
1475,nacertification\
1476,certified
1477,access
1478,manager
1479,work
1480,experience
1481,related
1482,field\
1483,1
1484,year
1485,technology
1486,support
1487,identity
1488,access
1489,management
1490,work
1491,experience
1492,lieu
1493,degree\
1494,na
1495,knowledge/skills/abilities\
1496,proficient
1497,sharepointo
1498,proficient
1499,webex
1500,proficient
1501,identity
1502,access
1503,management
1504,tools
1505,as\
1506,identity
1507,manager
1508,identity
1509,vault
1510,show
1511,less
1512,job
1513,reference
1514,wd-0017131
1515,logistics
1516,data
1517,management
1518,specialist
1519,tulsa
1520,'s
1521,role
1522,role
1523,logistics
1524,data
1525,management
1526,specialist
1527,functional
1528,expert
1529,hilti
1530,north
1531,america‚äôs
1532,sap
1533,material
1534,master
1535,data
1536,responsibilities
1537,include
1538,limited
1539,ongoing
1540,business
1541,support
1542,providing
1543,coaching
1544,training
1545,system
1546,functionality
1547,providing
1548,ongoing
1549,system
1550,support
1551,ensuring
1552,creation
1553,updates
1554,maintenance
1555,material
1556,master
1557,performed
1558,partnering
1559,process
1560,manager
1561,improve
1562,systems
1563,processes
1564,hilti
1565,hilti
1566,innovation
1567,improving
1568,productivity
1569,safety
1570,sustainability
1571,global
1572,construction
1573,industry
1574,beyond
1575,strong
1576,customer
1577,relationships
1578,creating
1579,solutions
1580,build
1581,better
1582,future
1583,pride
1584,sense
1585,belonging
1586,across
1587,120
1588,locations
1589,carrying
1590,right
1591,lives
1592,homes
1593,people
1594,exploring
1595,possibilities
1596,leveraging
1597,potential
1598,owning
1599,personal
1600,development
1601,growing
1602,lasting
1603,careers
1604,role
1605,involve
1606,material
1607,master
1608,setup
1609,maintenance
1610,troubleshooting
1611,testing
1612,creation
1613,maintenance
1614,standard
1615,material
1616,numbers
1617,within
1618,sap
1619,global
1620,national
1621,creation
1622,maintenance
1623,fixed
1624,combo
1625,material
1626,numbers
1627,within
1628,sap
1629,creation
1630,maintenance
1631,configurable
1632,materials
1633,within
1634,sap
1635,creation
1636,maintenance
1637,purchase
1638,info
1639,records
1640,pir‚äôs
1641,source
1642,lists
1643,national
1644,materials
1645,set
1646,maintenance
1647,internal
1648,customer
1649,ship-to
1650,partners
1651,ist
1652,vendor
1653,updates
1654,material
1655,copy
1656,control
1657,hna
1658,plants
1659,changes
1660,existing
1661,material
1662,master
1663,settings
1664,required
1665,pm
1666,mm
1667,teams
1668,partner
1669,finance
1670,team
1671,resolve
1672,master
1673,data
1674,issues
1675,preventing
1676,completion
1677,cost
1678,roll-up
1679,activities
1680,assist
1681,management
1682,material
1683,phase-out
1684,process
1685,quality
1686,issues
1687,regional
1688,sales
1689,via
1690,sap
1691,ss
1692,local
1693,functionality
1694,conversion
1695,materials
1696,specials
1697,standard
1698,materials
1699,standard
1700,materials
1701,specials
1702,responsible
1703,material
1704,master
1705,functional
1706,acceptance
1707,testing
1708,regression
1709,testing
1710,new
1711,sap
1712,releases
1713,manage
1714,sub-contractor
1715,physical
1716,inventory
1717,counts
1718,define
1719,dates
1720,quarterly
1721,counts
1722,take
1723,place
1724,sub-contractors
1725,year
1726,actively
1727,communicate
1728,requirements
1729,stakeholders
1730,sub-contractors
1731,material
1732,management
1733,team
1734,timely
1735,manner
1736,create
1737,count
1738,documents
1739,sub-contractor
1740,monitor
1741,count
1742,activities
1743,report
1744,progress
1745,report
1746,final
1747,count
1748,variance
1749,details
1750,management
1751,train
1752,users
1753,material
1754,master
1755,processes
1756,required
1757,mm
1758,team
1759,material
1760,master
1761,processes
1762,data
1763,management
1764,team
1765,maintenance
1766,creation
1767,new
1768,materials
1769,project
1770,management
1771,processes
1772,directly
1773,impacting
1774,material
1775,data
1776,working
1777,local
1778,global
1779,team
1780,members
1781,define
1782,requirements
1783,testing
1784,implementation
1785,new
1786,functionality
1787,within
1788,sap
1789,communication
1790,change
1791,management
1792,affected
1793,end
1794,users
1795,remedy
1796,incident
1797,remediation
1798,troubleshoot
1799,material
1800,master
1801,failures
1802,escalate
1803,higher
1804,level
1805,process
1806,experts
1807,global
1808,business
1809,global
1810,required
1811,additional
1812,duties
1813,assigned
1814,hilti
1815,ranked
1816,top
1817,10
1818,among
1819,'world‚äôs
1820,best
1821,workplaces
1822,2022
1823,coming
1824,8
1825,offer
1826,throughout
1827,career
1828,you‚äôll
1829,development
1830,find
1831,right
1832,way
1833,grow
1834,leverage
1835,strengths
1836,apply
1837,working
1838,team
1839,people
1840,striving
1841,excellence
1842,open
1843,inclusive
1844,supportive
1845,culture
1846,need
1847,high
1848,school
1849,diploma/ged
1850,required
1851,bachelor‚äôs
1852,degree
1853,preferred
1854,minimum
1855,three
1856,3
1857,five
1858,5
1859,years‚äô
1860,experience
1861,logistics
1862,operational
1863,expertise
1864,resulting
1865,deep
1866,knowledge
1867,material
1868,master
1869,inventory
1870,processes
1871,including
1872,touch
1873,points
1874,customer
1875,service
1876,distribution
1877,centers
1878,hilti
1879,stores
1880,fleet
1881,management
1882,credit
1883,finance
1884,tax
1885,global
1886,business
1887,sap
1888,proficiency
1889,hilti‚äôs
1890,material
1891,master
1892,order
1893,entry
1894,processes
1895,central
1896,warehouses
1897,distribution
1898,centers
1899,hilti
1900,stores
1901,repair
1902,center
1903,replenishment
1904,networks
1905,proficiency
1906,microsoft
1907,applications
1908,ms
1909,word
1910,excel
1911,access
1912,powerpoint
1913,required
1914,ability
1915,troubleshoot
1916,failures
1917,determining
1918,system
1919,setup
1920,user
1921,issue
1922,high
1923,proficiency
1924,customer
1925,order
1926,processing
1927,knowledge
1928,sap
1929,applications
1930,including
1931,sap
1932,queries
1933,ability
1934,adapt
1935,new
1936,ideas
1937,demands
1938,think
1939,‚äúoutside
1940,box‚äù
1941,demonstrated
1942,ability
1943,provide
1944,self-leadership/initiative
1945,demonstrated
1946,ability
1947,manage
1948,multiple
1949,tasks
1950,simultaneously
1951,meeting
1952,tight
1953,deadlines
1954,changing
1955,environment
1956,good
1957,communication
1958,verbal
1959,written
1960,presentation
1961,skill
1962,ability
1963,work
1964,team
1965,environment
1966,values
1967,integrity
1968,courage
1969,teamwork
1970,commitment
1971,ability
1972,provide
1973,coaching
1974,teams
1975,required
1976,10
1977,domestic
1978,international
1979,travel
1980,required
1981,hilti
1982,inc
1983,committed
1984,employing
1985,diverse
1986,workforce
1987,qualified
1988,applicants
1989,receive
1990,consideration
1991,without
1992,regard
1993,race
1994,color
1995,religion
1996,sex
1997,national
1998,origin
1999,age
2000,sexual
2001,orientation
2002,gender
2003,identity
2004,gender
2005,expression
2006,veteran
2007,status
2008,disability
2009,apply
2010,job
2011,click
2012,apply
2013,show
2014,less
2015,hi
2016,hope
2017,great
2018,job
2019,description
2020,“
2021,iam
2022,specialist
2023,”
2024,job
2025,title
2026,cloud
2027,identity
2028,access
2029,management
2030,iam
2031,specialist
2032,job
2033,location
2034,remote
2035,work
2036,home
2037,job
2038,duration
2039,4-6
2040,month
2041,extension
2042,job
2043,description
2044,note
2045,experience
2046,implementing
2047,iam
2048,projects
2049,one
2050,following
2051,azure
2052,aws
2053,gcp
2054,forgerock
2055,cyberark
2056,sailpoint
2057,okta
2058,oim
2059,oam
2060,experience
2061,carrying
2062,advanced
2063,application
2064,integration
2065,iam
2066,solutions
2067,dealing
2068,advanced
2069,provisioning
2070,e.g.
2071,multilevel
2072,workflows
2073,single
2074,sign-on
2075,wia
2076,forms
2077,http
2078,pki
2079,concepts
2080,experience
2081,technologies
2082,active
2083,directory
2084,ad
2085,ldap
2086,ssl
2087,rbac
2088,policy
2089,based
2090,management
2091,security
2092,policy
2093,code
2094,interested
2095,job
2096,references
2097,friends
2098,looking
2099,job
2100,change
2101,please
2102,share
2103,mail
2104,feel
2105,free
2106,contact
2107,thanks
2108,regards
2109,rohit
2110,justin
2111,k
2112,technical
2113,recruiter
2114,work
2115,949
2116,608
2117,7375
2118,email
2119,rohit.justin
2120,kaygen.com
2121,job
2122,type
2123,contract
2124,salary
2125,60.00
2126,65.00
2127,per
2128,hour
2129,schedule
2130,8
2131,hour
2132,shift
2133,application
2134,question
2135,linkedin
2136,id
2137,experience
2138,implementing
2139,iam
2140,projects
2141,one
2142,following
2143,azure
2144,aws
2145,gcp
2146,forgerock
2147,cyberark
2148,sailpoint
2149,okta
2150,oim
2151,oam
2152,education
2153,bachelor
2154,'s
2155,preferred
2156,experience
2157,implementing
2158,iam
2159,projects
2160,5
2161,years
2162,required
2163,work
2164,location
2165,remote
2166,show
2167,less
2168,secure
2169,nation
2170,ignite
2171,future
2172,become
2173,integral
2174,part
2175,diverse
2176,team
2177,working
2178,industry
2179,leading
2180,organization
2181,employees
2182,come
2183,first
2184,mantech
2185,help
2186,protect
2187,national
2188,security
2189,working
2190,innovative
2191,projects
2192,offer
2193,opportunities
2194,advancement
2195,currently
2196,mantech
2197,seeking
2198,motivated
2199,career
2200,customer-oriented
2201,senior
2202,helpdesk
2203,specialist
2204,join
2205,team
2206,remote
2207,position
2208,anywhere
2209,us
2210,responsibilities
2211,include
2212,limited
2213,responsible
2214,providing
2215,support
2216,end-user
2217,community
2218,difficult
2219,hardware
2220,software
2221,network
2222,related
2223,problems
2224,questions
2225,use
2226,may
2227,provide
2228,training
2229,guidance
2230,junior
2231,help
2232,desk
2233,personnel
2234,provides
2235,resolutions
2236,ordinary
2237,issues
2238,users
2239,unable
2240,diagnose
2241,problem
2242,work
2243,help
2244,desk
2245,management
2246,diagnose
2247,resolve
2248,problem
2249,responds
2250,tier
2251,two
2252,higher
2253,trouble
2254,tickets
2255,ensures
2256,problem
2257,ownership
2258,promotes
2259,end-user
2260,satisfaction
2261,closes
2262,activities
2263,tickets
2264,assigned
2265,responsible
2266,providing
2267,in-depth
2268,high
2269,level
2270,support
2271,end-user
2272,community
2273,hardware
2274,software
2275,network
2276,related
2277,problems
2278,questions
2279,use
2280,provides
2281,problem
2282,resolution
2283,users
2284,confers
2285,user
2286,determine
2287,problem
2288,ensures
2289,problem
2290,ownership
2291,promotes
2292,end-user
2293,satisfaction
2294,basic
2295,qualifications
2296,minimum
2297,five
2298,plus
2299,5+
2300,years
2301,related
2302,experience
2303,computer
2304,hardware
2305,software
2306,networking
2307,systems
2308,set-up
2309,configuration
2310,use
2311,troubleshooting
2312,computer
2313,systems
2314,bachelor
2315,'s
2316,degree
2317,computer
2318,science
2319,related
2320,field
2321,experience
2322,testing
2323,legacy
2324,systems
2325,undergoing
2326,modernization
2327,eventually
2328,replaced
2329,vb6
2330,.net
2331,oracle
2332,java
2333,clearance
2334,requirements
2335,must
2336,us
2337,citizen
2338,able
2339,obtain
2340,maintain
2341,public
2342,trust
2343,clearance
2344,suitability
2345,physical
2346,requirements
2347,must
2348,able
2349,remain
2350,stationary
2351,position
2352,50
2353,time
2354,must
2355,able
2356,deliver
2357,clear
2358,effective
2359,communication
2360,verbally
2361,non-verbally
2362,deliver
2363,updates
2364,briefings
2365,interface
2366,co-workers
2367,leadership
2368,well
2369,customer
2370,must
2371,able
2372,work
2373,office
2374,environment
2375,able
2376,freely
2377,move
2378,within
2379,space
2380,utilize
2381,office
2382,equipment
2383,well
2384,interface
2385,co-workers
2386,customer
2387,must
2388,able
2389,effectively
2390,use
2391,peripherals
2392,laptop
2393,desktop
2394,printer
2395,fax
2396,machine
2397,etc
2398,must
2399,able
2400,deliver
2401,presentations
2402,needed
2403,must
2404,able
2405,review
2406,decipher
2407,understand
2408,program
2409,manuals
2410,service
2411,requests
2412,work
2413,orders
2414,etc
2415,projected
2416,compensation
2417,range
2418,position
2419,"69,300-"
2420,"69,493"
2421,differentiating
2422,factors
2423,impact
2424,final
2425,salary/hourly
2426,rate
2427,including
2428,limited
2429,contract
2430,wage
2431,determination
2432,relevant
2433,work
2434,experience
2435,skills
2436,competencies
2437,align
2438,specified
2439,role
2440,geographic
2441,location
2442,remote
2443,opportunities
2444,education
2445,certifications
2446,well
2447,federal
2448,government
2449,contract
2450,labor
2451,categories
2452,addition
2453,mantech
2454,invests
2455,employees
2456,beyond
2457,compensation
2458,mantech
2459,benefits
2460,offerings
2461,include
2462,dependent
2463,upon
2464,position
2465,health
2466,insurance
2467,life
2468,insurance
2469,paid
2470,time
2471,holiday
2472,pay
2473,short
2474,term
2475,long
2476,term
2477,disability
2478,retirement
2479,savings
2480,learning
2481,development
2482,opportunities
2483,wellness
2484,programs
2485,well
2486,optional
2487,benefit
2488,elections
2489,positions
2490,requiring
2491,access
2492,technology/software
2493,source
2494,code
2495,subject
2496,export
2497,control
2498,laws
2499,employment
2500,company
2501,contingent
2502,either
2503,verifying
2504,u.s.-person
2505,status
2506,obtaining
2507,necessary
2508,license
2509,applicant
2510,required
2511,answer
2512,certain
2513,questions
2514,export
2515,control
2516,purposes
2517,information
2518,reviewed
2519,compliance
2520,personnel
2521,ensure
2522,compliance
2523,federal
2524,law
2525,mantech
2526,may
2527,choose
2528,apply
2529,license
2530,individuals
2531,whose
2532,access
2533,export-controlled
2534,technology
2535,software
2536,source
2537,code
2538,may
2539,require
2540,authorization
2541,may
2542,decline
2543,proceed
2544,applicant
2545,basis
2546,alone
2547,mantech
2548,international
2549,corporation
2550,well
2551,subsidiaries
2552,proactively
2553,fulfills
2554,role
2555,equal
2556,opportunity
2557,employer
2558,discriminate
2559,employee
2560,applicant
2561,employment
2562,race
2563,color
2564,sex
2565,religion
2566,age
2567,sexual
2568,orientation
2569,gender
2570,identity
2571,expression
2572,national
2573,origin
2574,marital
2575,status
2576,physical
2577,mental
2578,disability
2579,status
2580,disabled
2581,veteran
2582,recently
2583,separated
2584,veteran
2585,active
2586,duty
2587,wartime
2588,campaign
2589,badge
2590,veteran
2591,armed
2592,forces
2593,services
2594,medal
2595,characteristic
2596,protected
2597,law
2598,require
2599,reasonable
2600,accommodation
2601,apply
2602,position
2603,mantech
2604,online
2605,applicant
2606,system
2607,please
2608,contact
2609,mantech
2610,'s
2611,corporate
2612,eeo
2613,department
2614,703
2615,218-6000
2616,mantech
2617,affirmative
2618,action/equal
2619,opportunity
2620,employer
2621,minorities
2622,females
2623,disabled
2624,protected
2625,veterans
2626,urged
2627,apply
2628,mantech
2629,'s
2630,utilization
2631,external
2632,recruitment
2633,job
2634,placement
2635,agency
2636,predicated
2637,upon
2638,full
2639,compliance
2640,equal
2641,opportunity/affirmative
2642,action
2643,policies
2644,mantech
2645,accept
2646,resumes
2647,unsolicited
2648,recruiting
2649,firms
2650,pay
2651,fees
2652,unsolicited
2653,services
2654,qualified
2655,individual
2656,disability
2657,disabled
2658,veteran
2659,right
2660,request
2661,accommodation
2662,unable
2663,limited
2664,ability
2665,use
2666,access
2667,apply
2668,click
2669,apply
2670,show
2671,less
2672,position
2673,title
2674,payroll
2675,implementation
2676,specialist
2677,1st
2678,shift
2679,pay
2680,rate
2681,44
2682,48/hr
2683,duration
2684,6
2685,months
2686,work
2687,location
2688,remote
2689,work
2690,schedule
2691,flexible
2692,7am
2693,7:30am
2694,start/4pm
2695,4:30pm
2696,end
2697,summary
2698,position
2699,responsible
2700,performing
2701,variety
2702,payroll
2703,analyst
2704,duties
2705,relating
2706,auditing
2707,payroll
2708,transactions
2709,developing
2710,streamlining
2711,processes
2712,system
2713,implementations
2714,role
2715,function
2716,project
2717,manager/analyst
2718,working
2719,various
2720,stakeholders
2721,organization
2722,collaborate
2723,department
2724,finance
2725,hr
2726,business
2727,units
2728,needed
2729,essential
2730,duties
2731,responsibilities
2732,monitors
2733,project
2734,progress
2735,identifying
2736,project
2737,milestones
2738,tracking
2739,activity
2740,resolving
2741,problems
2742,publishing
2743,progress
2744,reports
2745,recommending
2746,actions
2747,technology
2748,product
2749,implementation
2750,consulting
2751,configuration
2752,troubleshooting
2753,experience
2754,provide
2755,guidance
2756,recommendations
2757,solutions
2758,throughout
2759,entire
2760,implementation
2761,process
2762,create
2763,maintain
2764,system
2765,documentation
2766,supporting
2767,application
2768,patches
2769,upgrades
2770,creation
2771,tests
2772,cases
2773,performing
2774,full
2775,cycle
2776,testing
2777,perform
2778,audits
2779,identify
2780,gaps
2781,employee
2782,information
2783,throughout
2784,various
2785,systems
2786,reporting
2787,merge
2788,issues
2789,clear
2790,documentation
2791,assist
2792,acquisitions
2793,system
2794,conversions
2795,maintain
2796,department
2797,requests
2798,records
2799,databases
2800,files
2801,forms
2802,organized
2803,secure
2804,manner
2805,create
2806,update
2807,run
2808,accurate
2809,timely
2810,system
2811,reports
2812,business
2813,users
2814,accounting
2815,management
2816,review
2817,audit
2818,system
2819,processes
2820,calculations
2821,based
2822,sox
2823,compliance
2824,ensure
2825,accuracy
2826,system
2827,data
2828,support
2829,development
2830,management
2831,payroll
2832,metrics
2833,support
2834,administrators
2835,analyzing
2836,data
2837,assist
2838,tax
2839,agency
2840,notices
2841,duties
2842,assigned
2843,qualifications
2844,experience
2845,minimum
2846,10
2847,years
2848,payroll
2849,experience
2850,similar
2851,industry
2852,minimum
2853,3
2854,years
2855,experience
2856,working
2857,payroll
2858,systems
2859,proficiency
2860,microsoft
2861,office
2862,excel
2863,word
2864,vizio
2865,project
2866,adp
2867,workforce
2868,now‚äôs
2869,implementation
2870,experience
2871,required
2872,advanced
2873,microsoft
2874,excel
2875,ability
2876,perform
2877,pivot
2878,tables
2879,v-lookups
2880,complex
2881,formulas
2882,ability
2883,adapt
2884,situations
2885,make
2886,fast
2887,analysis
2888,solve
2889,problems
2890,strong
2891,focus
2892,customer-service
2893,including
2894,outstanding
2895,interpersonal
2896,skills
2897,strong
2898,attention
2899,detail
2900,follow
2901,ability
2902,work
2903,team
2904,member
2905,ability
2906,flex
2907,changing
2908,priorities
2909,based
2910,business
2911,needs
2912,excellent
2913,organizational
2914,communication
2915,skills
2916,excellent
2917,problem
2918,solving
2919,analytical
2920,skills
2921,ability
2922,maintain
2923,strict
2924,confidentiality
2925,experience
2926,microsoft
2927,access
2928,preferred
2929,bachelor‚äôs
2930,degree
2931,strongly
2932,preferred
2933,fpc
2934,cpp
2935,certification
2936,strongly
2937,preferred
2938,accounting
2939,experience
2940,preferred
2941,canadian
2942,payroll
2943,experience
2944,plus
2945,note
2946,suna
2947,solutions
2948,provides
2949,equal
2950,employment
2951,opportunities
2952,employees
2953,applicants
2954,employment
2955,prohibits
2956,discrimination
2957,harassment
2958,type
2959,without
2960,regard
2961,race
2962,color
2963,religion
2964,age
2965,sex
2966,national
2967,origin
2968,disability
2969,status
2970,genetics
2971,protected
2972,veteran
2973,status
2974,sexual
2975,orientation
2976,gender
2977,identity
2978,expression
2979,characteristic
2980,protected
2981,federal
2982,state
2983,local
2984,laws
2985,policy
2986,applies
2987,terms
2988,conditions
2989,employment
2990,including
2991,recruiting
2992,hiring
2993,placement
2994,promotion
2995,termination
2996,layoff
2997,recall
2998,transfer
2999,leaves
3000,absence
3001,compensation
3002,training
3003,applicants
3004,criminal
3005,histories
3006,considered
3007,manner
3008,consistent
3009,local
3010,state
3011,federal
3012,laws
3013,job
3014,type
3015,contract
3016,pay
3017,44.00
3018,48.00
3019,per
3020,hour
3021,schedule
3022,8
3023,hour
3024,shift
3025,monday
3026,friday
3027,education
3028,bachelor
3029,'s
3030,preferred
3031,experience
3032,payroll
3033,systems
3034,3
3035,years
3036,preferred
3037,payroll
3038,experience
3039,similar
3040,industry
3041,10
3042,years
3043,preferred
3044,canadian
3045,payroll
3046,preferred
3047,1
3048,year
3049,preferred
3050,adp
3051,workforce
3052,now‚äôs
3053,implementation
3054,3
3055,years
3056,preferred
3057,license/certification
3058,fpc
3059,cpp
3060,certification
3061,preferred
3062,work
3063,location
3064,remote
3065,show
3066,less
3067,sr
3068,info
3069,sec
3070,ops
3071,specialist
3072,senior
3073,information
3074,security
3075,operations
3076,specialist
3077,primary
3078,function
3079,drive
3080,direction
3081,iam
3082,program
3083,ensure
3084,applications
3085,platforms
3086,within
3087,tiaa
3088,environment
3089,adhere
3090,security
3091,standards
3092,accordance
3093,industry
3094,best
3095,practices
3096,event
3097,application
3098,platform
3099,meet
3100,standards
3101,specialist
3102,'s
3103,role
3104,assist
3105,remediation
3106,plan
3107,conjunction
3108,various
3109,teams
3110,across
3111,enterprise
3112,achieve
3113,security
3114,compliance
3115,key
3116,responsibilities
3117,duties
3118,handle
3119,operational
3120,issues
3121,drive
3122,key
3123,improvements
3124,reduce
3125,manual
3126,workload
3127,participates
3128,development
3129,hardware
3130,software
3131,network
3132,security
3133,procedures
3134,guidelines
3135,support
3136,information
3137,security
3138,policies
3139,coordinates
3140,information
3141,security
3142,assessments
3143,internal
3144,audits
3145,identify
3146,weaknesses
3147,build
3148,upon
3149,existing
3150,information
3151,security
3152,infrastructure
3153,reviews
3154,assessment
3155,vulnerabilities
3156,provides
3157,recommendations
3158,options
3159,regarding
3160,information
3161,technology
3162,infrastructure
3163,data
3164,flows/processes
3165,operating
3166,procedures
3167,conducts
3168,analyses
3169,organizational
3170,needs
3171,goals
3172,development
3173,implementation
3174,new
3175,information
3176,security
3177,technologies
3178,identifies
3179,implements
3180,emerging
3181,data
3182,access
3183,control
3184,technologies
3185,information
3186,systems
3187,security
3188,issues
3189,safeguards
3190,techniques
3191,oversees
3192,security
3193,awareness
3194,programs
3195,educating
3196,communicating
3197,staff
3198,information
3199,security
3200,policies
3201,procedures
3202,practices
3203,qualifications
3204,3
3205,years
3206,required
3207,5
3208,years
3209,preferred
3210,university
3211,degree
3212,preferred
3213,physical
3214,requirements
3215,physical
3216,requirements
3217,sedentary
3218,work
3219,preferred
3220,education
3221,university
3222,degree
3223,career
3224,level
3225,7ic
3226,required
3227,qualifications
3228,3
3229,years
3230,experience
3231,identity
3232,access
3233,management
3234,preferred
3235,qualifications
3236,1
3237,years
3238,experience
3239,implementing
3240,rbac
3241,abac
3242,pbac
3243,1
3244,years
3245,experience
3246,sailpoint
3247,identityiq
3248,sailpoint
3249,identitynow
3250,cloud
3251,experience
3252,aws
3253,azure
3254,knowledge
3255,implementing
3256,privileged
3257,access
3258,model
3259,platform
3260,application
3261,experience
3262,service
3263,tableau
3264,powershell
3265,scripting
3266,languages
3267,li-158487406_mb1
3268,base
3269,pay
3270,range
3271,"80,900/yr"
3272,"134,800/yr"
3273,actual
3274,base
3275,salary
3276,may
3277,vary
3278,based
3279,upon
3280,limited
3281,relevant
3282,experience
3283,time
3284,role
3285,base
3286,salary
3287,internal
3288,peers
3289,prior
3290,performance
3291,business
3292,sector
3293,geographic
3294,location
3295,addition
3296,base
3297,salary
3298,competitive
3299,compensation
3300,package
3301,may
3302,include
3303,depending
3304,role
3305,participation
3306,incentive
3307,program
3308,linked
3309,performance
3310,example
3311,annual
3312,discretionary
3313,incentive
3314,programs
3315,non-annual
3316,sales
3317,incentive
3318,plans
3319,non-annual
3320,incentive
3321,plans
3322,_____________________________________________________________________________________________________
3323,company
3324,overview
3325,tiaa
3326,leading
3327,provider
3328,financial
3329,services
3330,academic
3331,research
3332,medical
3333,cultural
3334,government
3335,fields
3336,offer
3337,wide
3338,range
3339,financial
3340,solutions
3341,including
3342,investing
3343,banking
3344,advice
3345,education
3346,retirement
3347,services
3348,covid-19
3349,vaccination
3350,tiaa
3351,requires
3352,u.s.
3353,employees
3354,fully
3355,vaccinated
3356,covid-19
3357,provide
3358,documentation
3359,full
3360,vaccination
3361,unless
3362,qualify
3363,accommodation
3364,determined
3365,tiaa
3366,consistent
3367,applicable
3368,law
3369,benefits
3370,total
3371,rewards
3372,organization
3373,committed
3374,making
3375,financial
3376,well-being
3377,possible
3378,clients
3379,equally
3380,committed
3381,well-being
3382,associates
3383,offer
3384,comprehensive
3385,total
3386,rewards
3387,package
3388,designed
3389,make
3390,positive
3391,difference
3392,lives
3393,associates
3394,loved
3395,ones
3396,benefits
3397,include
3398,superior
3399,retirement
3400,program
3401,highly
3402,competitive
3403,health
3404,wellness
3405,work
3406,life
3407,offerings
3408,help
3409,achieve
3410,maintain
3411,best
3412,possible
3413,physical
3414,emotional
3415,financial
3416,well-being
3417,learn
3418,benefits
3419,please
3420,review
3421,benefits
3422,summary
3423,equal
3424,opportunity
3425,equal
3426,opportunity/affirmative
3427,action
3428,employer
3429,consider
3430,qualified
3431,applicants
3432,employment
3433,regardless
3434,age
3435,race
3436,color
3437,national
3438,origin
3439,sex
3440,religion
3441,veteran
3442,status
3443,disability
3444,sexual
3445,orientation
3446,gender
3447,identity
3448,protected
3449,status
3450,read
3451,equal
3452,opportunity
3453,law
3454,accessibility
3455,support
3456,tiaa
3457,offers
3458,support
3459,need
3460,assistance
3461,online
3462,application
3463,process
3464,provide
3465,equal
3466,employment
3467,opportunity
3468,job
3469,seekers
3470,including
3471,individuals
3472,disabilities
3473,u.s.
3474,applicant
3475,desire
3476,reasonable
3477,accommodation
3478,complete
3479,job
3480,application
3481,please
3482,use
3483,one
3484,options
3485,contact
3486,accessibility
3487,support
3488,team
3489,phone
3490,800
3491,842-2755
3492,email
3493,accessibility.support
3494,tiaa.org
3495,privacy
3496,notices
3497,applicants
3498,tiaa
3499,nuveen
3500,affiliates
3501,residing
3502,us
3503,california
3504,click
3505,applicants
3506,tiaa
3507,nuveen
3508,affiliates
3509,residing
3510,california
3511,please
3512,click
3513,applicants
3514,nuveen
3515,residing
3516,europe
3517,apac
3518,please
3519,click
3520,applicants
3521,greenwood
3522,residing
3523,brazil
3524,english
3525,click
3526,applicants
3527,greenwood
3528,residing
3529,brazil
3530,portuguese
3531,click
3532,applicants
3533,westchester
3534,residing
3535,brazil
3536,english
3537,click
3538,applicants
3539,westchester
3540,residing
3541,brazil
3542,portuguese
3543,click
3544,start
3545,job
3546,application
3547,click
3548,apply
3549,show
3550,less
3551,secure
3552,nation
3553,ignite
3554,future
3555,become
3556,integral
3557,part
3558,diverse
3559,team
3560,working
3561,industry
3562,leading
3563,organization
3564,employees
3565,come
3566,first
3567,mantech
3568,international
3569,corporation
3570,help
3571,protect
3572,national
3573,security
3574,working
3575,innovative
3576,projects
3577,offer
3578,opportunities
3579,advancement
3580,currently
3581,mantech
3582,seeking
3583,motivated
3584,career
3585,customer-oriented
3586,database
3587,management
3588,specialist
3589,–
3590,oracle
3591,19c
3592,join
3593,team
3594,working
3595,remotely
3596,responsibilities
3597,include
3598,limited
3599,mantech
3600,seeking
3601,motivated
3602,mission-oriented
3603,oracle
3604,database
3605,management
3606,specialist/administrator
3607,focus
3608,oracle
3609,19c
3610,work
3611,experienced
3612,project
3613,team
3614,performing
3615,key
3616,tasks
3617,suite
3618,systems
3619,instrumental
3620,supporting
3621,management
3622,medical
3623,logistics
3624,medlog
3625,business
3626,processes
3627,military
3628,treatment
3629,facilities
3630,mtfs
3631,warehouses
3632,in-field
3633,environments
3634,job
3635,responsibilities
3636,include
3637,performing
3638,database
3639,administration
3640,planning
3641,deployment
3642,activities
3643,support
3644,migration
3645,medlog
3646,systems
3647,amazon
3648,web
3649,services
3650,aws
3651,cloud
3652,environment
3653,database
3654,management
3655,specialist
3656,setup
3657,administer
3658,manage
3659,oracle
3660,databases
3661,systems
3662,aws-hosted
3663,platform
3664,define
3665,execute
3666,plans
3667,migrating
3668,existing
3669,on-premise
3670,oracle-based
3671,systems
3672,aws
3673,provide
3674,database
3675,systems
3676,administration
3677,support
3678,software
3679,deployment
3680,operations
3681,data
3682,migration
3683,conversion
3684,critical
3685,production
3686,operations
3687,support
3688,activities
3689,required
3690,provide
3691,expertise
3692,database
3693,activities
3694,required
3695,support
3696,deployment
3697,planning
3698,evaluate
3699,execute
3700,conversion
3701,routines/scripts
3702,verify
3703,successful
3704,completion
3705,review
3706,apply
3707,security
3708,technical
3709,implementation
3710,guide
3711,stig
3712,requirements
3713,ensure
3714,oracle-based
3715,systems
3716,maintain
3717,strong
3718,security
3719,posture
3720,without
3721,impact
3722,medlog
3723,applications
3724,support
3725,risk
3726,management
3727,framework
3728,rmf
3729,activities
3730,include
3731,documentation
3732,resolving
3733,oracle-related
3734,findings/vulnerabilities
3735,work
3736,closely
3737,cybersecurity
3738,team
3739,complete
3740,review
3741,systems
3742,remediate
3743,findings/vulnerabilities
3744,ensure
3745,oracle
3746,database
3747,approved
3748,use
3749,production
3750,environment
3751,install
3752,setup
3753,medlog
3754,applications
3755,oracle
3756,back-end
3757,support
3758,migration
3759,aws
3760,perform
3761,database
3762,administration
3763,maintenance
3764,activities
3765,include
3766,patching
3767,upgrades
3768,needed
3769,support
3770,decommissioning
3771,efforts
3772,deployed
3773,systems
3774,hardware
3775,perform
3776,database
3777,administration
3778,maintenance
3779,include
3780,monitoring
3781,database
3782,performance
3783,statistics
3784,recommend
3785,improvements
3786,database
3787,management
3788,respect
3789,performance
3790,tuning
3791,capacity
3792,planning
3793,managing
3794,tables
3795,indexes
3796,constraints
3797,views
3798,manage
3799,users
3800,security
3801,stability
3802,backup/recovery
3803,database
3804,integrity
3805,proactively
3806,identify
3807,communicate
3808,issues
3809,risks
3810,progress
3811,customer
3812,contractor
3813,team
3814,stakeholders
3815,providing
3816,options
3817,next
3818,steps
3819,required
3820,qualifications
3821,minimum
3822,seven
3823,plus
3824,7+
3825,years
3826,experience
3827,setup
3828,administration
3829,oracle
3830,19c
3831,experience
3832,setup
3833,administration
3834,oracle
3835,19c
3836,7
3837,10
3838,years
3839,experience
3840,preferred
3841,must
3842,possess
3843,least
3844,one
3845,following
3846,a+
3847,ccna
3848,security
3849,network+
3850,sscp
3851,ccna
3852,security
3853,cysa+
3854,gicsp
3855,gsec
3856,security+
3857,ce
3858,sscp
3859,casp+
3860,ccnp
3861,security
3862,cisa
3863,cissp
3864,associate
3865,gced
3866,gcih
3867,preferred
3868,qualifications
3869,professional
3870,aws
3871,training
3872,ec2
3873,servers
3874,cloud
3875,storage
3876,solutions
3877,etc
3878,provide
3879,superior
3880,customer
3881,service
3882,possess
3883,strong
3884,communication
3885,verbal
3886,written
3887,interpersonal
3888,skills
3889,dynamic
3890,customer
3891,centric
3892,environment
3893,bachelor
3894,'s
3895,degree
3896,systems
3897,engineering
3898,computer
3899,science
3900,management
3901,information
3902,systems
3903,related
3904,field
3905,experience
3906,oracle
3907,wallet
3908,experience
3909,medical
3910,logistics
3911,especially
3912,dmlss
3913,and/or
3914,logicole
3915,experience
3916,working
3917,defense
3918,health
3919,agency
3920,dha
3921,customer
3922,experience
3923,devsecops
3924,practices
3925,security
3926,clearance
3927,requirements
3928,us
3929,citizenship
3930,ability
3931,obtain
3932,public
3933,trust
3934,clearance
3935,required
3936,physical
3937,requirements
3938,must
3939,able
3940,remain
3941,stationary
3942,position
3943,50
3944,time
3945,must
3946,able
3947,deliver
3948,clear
3949,effective
3950,communication
3951,verbally
3952,non-verbally
3953,deliver
3954,updates
3955,briefings
3956,interface
3957,co-workers
3958,leadership
3959,well
3960,customer
3961,must
3962,able
3963,work
3964,office
3965,environment
3966,able
3967,freely
3968,move
3969,within
3970,space
3971,utilize
3972,office
3973,equipment
3974,well
3975,interface
3976,co-workers
3977,customer
3978,must
3979,able
3980,effectively
3981,use
3982,peripherals
3983,laptop
3984,desktop
3985,printer
3986,fax
3987,machine
3988,etc
3989,must
3990,able
3991,deliver
3992,presentations
3993,needed
3994,must
3995,able
3996,review
3997,decipher
3998,understand
3999,program
4000,manuals
4001,service
4002,requests
4003,work
4004,orders
4005,etc
4006,projected
4007,compensation
4008,range
4009,position
4010,"93,500-"
4011,"120,000"
4012,differentiating
4013,factors
4014,impact
4015,final
4016,salary/hourly
4017,rate
4018,including
4019,limited
4020,contract
4021,wage
4022,determination
4023,relevant
4024,work
4025,experience
4026,skills
4027,competencies
4028,align
4029,specified
4030,role
4031,geographic
4032,location
4033,remote
4034,opportunities
4035,education
4036,certifications
4037,well
4038,federal
4039,government
4040,contract
4041,labor
4042,categories
4043,addition
4044,mantech
4045,invests
4046,employees
4047,beyond
4048,compensation
4049,mantech
4050,benefits
4051,offerings
4052,include
4053,dependent
4054,upon
4055,position
4056,health
4057,insurance
4058,life
4059,insurance
4060,paid
4061,time
4062,holiday
4063,pay
4064,short
4065,term
4066,long
4067,term
4068,disability
4069,retirement
4070,savings
4071,learning
4072,development
4073,opportunities
4074,wellness
4075,programs
4076,well
4077,optional
4078,benefit
4079,elections
4080,positions
4081,requiring
4082,access
4083,technology/software
4084,source
4085,code
4086,subject
4087,export
4088,control
4089,laws
4090,employment
4091,company
4092,contingent
4093,either
4094,verifying
4095,u.s.-person
4096,status
4097,obtaining
4098,necessary
4099,license
4100,applicant
4101,required
4102,answer
4103,certain
4104,questions
4105,export
4106,control
4107,purposes
4108,information
4109,reviewed
4110,compliance
4111,personnel
4112,ensure
4113,compliance
4114,federal
4115,law
4116,mantech
4117,may
4118,choose
4119,apply
4120,license
4121,individuals
4122,whose
4123,access
4124,export-controlled
4125,technology
4126,software
4127,source
4128,code
4129,may
4130,require
4131,authorization
4132,may
4133,decline
4134,proceed
4135,applicant
4136,basis
4137,alone
4138,mantech
4139,international
4140,corporation
4141,well
4142,subsidiaries
4143,proactively
4144,fulfills
4145,role
4146,equal
4147,opportunity
4148,employer
4149,discriminate
4150,employee
4151,applicant
4152,employment
4153,race
4154,color
4155,sex
4156,religion
4157,age
4158,sexual
4159,orientation
4160,gender
4161,identity
4162,expression
4163,national
4164,origin
4165,marital
4166,status
4167,physical
4168,mental
4169,disability
4170,status
4171,disabled
4172,veteran
4173,recently
4174,separated
4175,veteran
4176,active
4177,duty
4178,wartime
4179,campaign
4180,badge
4181,veteran
4182,armed
4183,forces
4184,services
4185,medal
4186,characteristic
4187,protected
4188,law
4189,require
4190,reasonable
4191,accommodation
4192,apply
4193,position
4194,mantech
4195,online
4196,applicant
4197,system
4198,please
4199,contact
4200,mantech
4201,'s
4202,corporate
4203,eeo
4204,department
4205,703
4206,218-6000
4207,mantech
4208,affirmative
4209,action/equal
4210,opportunity
4211,employer
4212,minorities
4213,females
4214,disabled
4215,protected
4216,veterans
4217,urged
4218,apply
4219,mantech
4220,'s
4221,utilization
4222,external
4223,recruitment
4224,job
4225,placement
4226,agency
4227,predicated
4228,upon
4229,full
4230,compliance
4231,equal
4232,opportunity/affirmative
4233,action
4234,policies
4235,mantech
4236,accept
4237,resumes
4238,unsolicited
4239,recruiting
4240,firms
4241,pay
4242,fees
4243,unsolicited
4244,services
4245,qualified
4246,individual
4247,disability
4248,disabled
4249,veteran
4250,right
4251,request
4252,accommodation
4253,unable
4254,limited
4255,ability
4256,use
4257,access
4258,apply
4259,click
4260,apply
4261,show
4262,less
4263,reportcompany
4264,overview
4265,hexagon
4266,us
4267,federal
4268,provide
4269,cutting-edge
4270,technologies
4271,wide
4272,range
4273,professional
4274,services
4275,enable
4276,customers
4277,make
4278,smarter
4279,faster
4280,operational
4281,decisions
4282,improve
4283,mission
4284,effectiveness
4285,hexagon
4286,us
4287,federal
4288,independent
4289,subsidiary
4290,hexagon
4291,corporation
4292,exclusively
4293,focused
4294,bringing
4295,broad
4296,range
4297,hexagon
4298,technologies
4299,us
4300,federal
4301,government
4302,partners
4303,quick
4304,hits
4305,employees
4306,450
4307,support
4308,specialist
4309,support
4310,specialist
4311,guam
4312,customer
4313,support
4314,team
4315,provide
4316,organization
4317,information
4318,technology
4319,support
4320,optimize
4321,operational
4322,efficiency
4323,duties
4324,include
4325,resolving
4326,technical
4327,issues
4328,maintaining
4329,hardware
4330,software
4331,installations
4332,improving
4333,systems
4334,provide
4335,technical
4336,support
4337,tier
4338,1
4339,tier
4340,2
4341,sometimes
4342,resolve
4343,problems
4344,fall
4345,tier
4346,3
4347,level
4348,daily
4349,work
4350,tasks
4351,include
4352,providing
4353,general
4354,network
4355,support
4356,customer
4357,end
4358,device
4359,support
4360,voip
4361,fax
4362,printers
4363,wyse
4364,thick
4365,clients
4366,web
4367,cameras
4368,upgrade
4369,re-image
4370,laptops
4371,providing
4372,on-site
4373,customer
4374,support
4375,fly-away
4376,teams
4377,setting
4378,user
4379,accounts
4380,logon
4381,process
4382,setting
4383,print
4384,queues
4385,accessing
4386,portals
4387,also
4388,perform
4389,periodic
4390,security
4391,assessments
4392,update
4393,equipment
4394,inventory
4395,system
4396,assist
4397,customers
4398,resolving
4399,access
4400,problems
4401,printer
4402,problems
4403,et
4404,assist
4405,procurement
4406,equipment
4407,maintain
4408,emergency
4409,control
4410,center
4411,ecc
4412,equipment
4413,experience
4414,required
4415,must
4416,least
4417,2
4418,years
4419,experience
4420,providing
4421,customer
4422,focused
4423,service
4424,knowledge
4425,windows
4426,operating
4427,systems
4428,exceptional
4429,ability
4430,provide
4431,technical
4432,support
4433,resolve
4434,queries
4435,in-depth
4436,knowledge
4437,computer
4438,hardware
4439,software
4440,networks
4441,ability
4442,determine
4443,needs
4444,train
4445,end-users
4446,experience
4447,documenting
4448,processes
4449,monitoring
4450,performance
4451,metrics
4452,advanced
4453,knowledge
4454,database
4455,maintenance
4456,system
4457,security
4458,ability
4459,keep
4460,technical
4461,innovation
4462,trends
4463,support
4464,exceptional
4465,interpersonal
4466,communication
4467,skills
4468,comptia
4469,security+
4470,certificate
4471,highly
4472,desirable
4473,required
4474,level
4475,security
4476,clearance
4477,secret
4478,security
4479,clearance
4480,statement
4481,position
4482,requires
4483,government
4484,security
4485,clearance
4486,secret
4487,level
4488,must
4489,us
4490,citizen
4491,consideration
4492,provide
4493,return
4494,competitive
4495,health
4496,care
4497,plans
4498,savings
4499,accounts
4500,dental
4501,vision
4502,plans
4503,401k
4504,100
4505,company
4506,match
4507,6
4508,immediate
4509,vesting
4510,company
4511,match
4512,life
4513,disability
4514,insurance
4515,learning
4516,management
4517,system
4518,robust
4519,offerings
4520,tuition
4521,reimbursement
4522,program
4523,flexible
4524,hybrid
4525,remote
4526,working
4527,arrangements
4528,possible
4529,12
4530,paid
4531,holidays
4532,per
4533,year
4534,thrive
4535,wellness
4536,program
4537,de
4538,committee
4539,regular
4540,educational
4541,sessions
4542,communications
4543,leadership
4544,development
4545,program
4546,multiple
4547,learning
4548,options
4549,hexagon
4550,us
4551,federal
4552,equal
4553,opportunity/affirmative
4554,action
4555,employer
4556,qualified
4557,applicants
4558,receive
4559,consideration
4560,employment
4561,without
4562,regard
4563,race
4564,color
4565,religion
4566,sex
4567,pregnancy
4568,sexual
4569,orientation
4570,gender
4571,identity
4572,national
4573,origin
4574,age
4575,protected
4576,veteran
4577,status
4578,disability
4579,status
4580,show
4581,less
4582,reportresponsibilities
4583,peraton
4584,seeking
4585,information
4586,security
4587,identity
4588,access
4589,idam
4590,management
4591,specialist
4592,join
4593,team
4594,qualified
4595,diverse
4596,individuals
4597,access
4598,management
4599,leader
4600,part
4601,peraton
4602,dhs
4603,cybersecurity
4604,team
4605,supporting
4606,dcco
4607,obim
4608,program
4609,ideal
4610,candidate
4611,responsible
4612,performing
4613,access
4614,management
4615,duties
4616,assisting
4617,functional
4618,teams
4619,processing
4620,managing
4621,privileged
4622,access
4623,requests
4624,ideal
4625,idam
4626,specialist
4627,assist
4628,security
4629,manager
4630,identifying
4631,managing
4632,program-specific
4633,security
4634,access
4635,management
4636,requirements
4637,position
4638,also
4639,responsible
4640,working
4641,issos/issms
4642,functional
4643,teams
4644,manage
4645,plan
4646,monitor
4647,information
4648,systems
4649,access
4650,provisioning
4651,day
4652,day
4653,work
4654,responsibilities
4655,include
4656,works
4657,closely
4658,supervision
4659,security
4660,manager
4661,security
4662,personnel
4663,within
4664,peraton
4665,cs
4666,pss
4667,sector
4668,ensure
4669,operational
4670,identity
4671,access
4672,management
4673,processes
4674,procedures
4675,place
4676,document
4677,processes
4678,develops
4679,updates
4680,maintains
4681,access
4682,management
4683,standard
4684,operating
4685,process
4686,procedures
4687,manage
4688,tracks
4689,privileged
4690,users
4691,program
4692,throughout
4693,lifecycle
4694,utilize
4695,experience
4696,knowledge
4697,pam
4698,sso
4699,mfa
4700,directory
4701,services
4702,ad/ldap
4703,concepts
4704,identity
4705,access
4706,management
4707,related
4708,tools/application
4709,utilize
4710,cyberarc
4711,ca
4712,pam
4713,privileged
4714,user
4715,management
4716,skills
4717,utilize
4718,cloud
4719,native
4720,tools
4721,manage
4722,iam
4723,process
4724,audit/access
4725,review
4726,initiates
4727,quarterly
4728,user
4729,recertification
4730,validation
4731,process
4732,maintains
4733,documents
4734,approvals
4735,used
4736,requesting
4737,access
4738,supports
4739,audit
4740,requests
4741,pertaining
4742,access
4743,management
4744,acts
4745,liaison
4746,requestors
4747,approvers
4748,technical
4749,resources
4750,qualifications
4751,basic
4752,qualifications
4753,bs
4754,degree
4755,5-7
4756,years
4757,experience
4758,ms
4759,degree
4760,3-5
4761,years
4762,experience
4763,high
4764,school
4765,diploma/equivalent
4766,minimum
4767,9
4768,years
4769,relevant
4770,experience
4771,demonstrated
4772,understanding
4773,iam/idm
4774,security
4775,practices
4776,must
4777,knowledgeable
4778,dhs
4779,4300a
4780,requirements
4781,pertains
4782,access
4783,management
4784,familiarity
4785,itil4
4786,concepts
4787,u.s
4788,citizenship
4789,required
4790,active
4791,dhs
4792,public
4793,trust
4794,eod
4795,preferred
4796,qualifications
4797,certifications
4798,ciam
4799,cist
4800,least
4801,one
4802,cloud
4803,security
4804,certification
4805,aws
4806,security
4807,professional
4808,ccsp
4809,ms
4810,azure
4811,security
4812,certification
4813,ccsk
4814,previous
4815,working
4816,experience
4817,federal
4818,govt
4819,system
4820,preferably
4821,within
4822,dhs/dhs
4823,components
4824,experience
4825,working
4826,federal
4827,information
4828,processing
4829,fips
4830,fisma
4831,fedramp
4832,cyber
4833,security
4834,related
4835,laws
4836,regulations
4837,directives
4838,experience
4839,presenting
4840,client
4841,meetings
4842,experience
4843,translating
4844,contractual
4845,iam
4846,security
4847,requirements
4848,understands
4849,federal
4850,security
4851,regulations
4852,understands
4853,dhs
4854,security
4855,policy
4856,in-depth
4857,knowledge
4858,dhs
4859,security
4860,policy
4861,4300a
4862,peraton
4863,overview
4864,peraton
4865,drives
4866,missions
4867,consequence
4868,spanning
4869,globe
4870,extending
4871,farthest
4872,reaches
4873,galaxy
4874,world
4875,leading
4876,mission
4877,capability
4878,integrator
4879,transformative
4880,enterprise
4881,provider
4882,deliver
4883,trusted
4884,highly
4885,differentiated
4886,national
4887,security
4888,solutions
4889,technologies
4890,keep
4891,people
4892,safe
4893,secure
4894,peraton
4895,serves
4896,valued
4897,partner
4898,essential
4899,government
4900,agencies
4901,across
4902,intelligence
4903,space
4904,cyber
4905,defense
4906,civilian
4907,health
4908,state
4909,local
4910,markets
4911,every
4912,day
4913,employees
4914,done
4915,solving
4916,daunting
4917,challenges
4918,facing
4919,customers
4920,salary
4921,range
4922,salary
4923,minimum
4924,"57,500"
4925,salary
4926,mid
4927,"115,000"
4928,salary
4929,maximum
4930,"143,800"
4931,estimate
4932,displayed
4933,represents
4934,typical
4935,salary
4936,range
4937,position
4938,one
4939,component
4940,peraton
4941,'s
4942,total
4943,compensation
4944,package
4945,employees
4946,rewards
4947,may
4948,include
4949,annual
4950,bonuses
4951,short-
4952,long-term
4953,incentives
4954,program-specific
4955,awards
4956,addition
4957,peraton
4958,provides
4959,variety
4960,benefits
4961,employees
4962,eeo
4963,tagline
4964,text
4965,equal
4966,opportunity
4967,employer
4968,including
4969,disability/veteran
4970,apply
4971,click
4972,apply
4973,show
4974,less
4975,reportposition
4976,overview
4977,position
4978,charge
4979,accepting
4980,user
4981,problems
4982,via
4983,calls
4984,voice
4985,mail
4986,electronic
4987,forms
4988,taking
4989,ownership
4990,issues
4991,diagnosis
4992,investigation
4993,resolution
4994,respond
4995,escalation
4996,requests
4997,ensure
4998,client
4999,satisfaction
5000,highly
5001,client-focused
5002,high-volume
5003,environment
5004,internal
5005,service
5006,levels
5007,require
5008,high
5009,level
5010,problem
5011,resolution
5012,first
5013,contact
5014,accurate
5015,routing
5016,trouble
5017,tickets
5018,next
5019,level
5020,support
5021,responsibilities
5022,requests
5023,using
5024,incident
5025,management
5026,request
5027,fulfillment
5028,processes.problems
5029,include
5030,password
5031,resets
5032,computer
5033,hardware
5034,software
5035,errors
5036,usage
5037,queries
5038,network
5039,connectivity
5040,issues
5041,application
5042,outages
5043,telephony
5044,problems
5045,logical
5046,physical
5047,access
5048,permissions
5049,wireless
5050,network
5051,connectivity
5052,failures
5053,malware
5054,problems
5055,vdi
5056,issues
5057,handheld
5058,problems
5059,related
5060,issues
5061,interacts
5062,call
5063,center
5064,agents
5065,office
5066,staff
5067,remote
5068,home
5069,workers
5070,via
5071,calls
5072,chat
5073,electronic
5074,form
5075,regarding
5076,issues
5077,queries
5078,records
5079,interactions
5080,ticketing
5081,system
5082,ensuring
5083,accurate
5084,complete
5085,ticket
5086,profiling
5087,logs
5088,resolution
5089,details
5090,troubleshoots
5091,identifies
5092,technical
5093,problems
5094,diagnoses
5095,error
5096,messages
5097,determines
5098,causes
5099,either
5100,provides
5101,resolution
5102,escalates
5103,proper
5104,support
5105,team
5106,tracks
5107,monitors
5108,status
5109,issues
5110,ensure
5111,proper
5112,follow-up
5113,resolution
5114,take
5115,ownership
5116,user
5117,problems
5118,follow
5119,status
5120,behalf
5121,user
5122,communicate
5123,progress
5124,timely
5125,manner
5126,responds
5127,escalation
5128,requests
5129,notify
5130,management
5131,required
5132,informs
5133,tier
5134,2
5135,tier
5136,3
5137,support
5138,incidents
5139,affecting
5140,service
5141,interruption
5142,ensures
5143,problems
5144,accepted
5145,within
5146,targeted
5147,levels
5148,escalates
5149,ticket
5150,accepted
5151,resolved
5152,support
5153,groups
5154,within
5155,targeted
5156,sla
5157,maintains
5158,high
5159,degree
5160,customer
5161,service
5162,support
5163,queries
5164,adheres
5165,service
5166,management
5167,principles
5168,contributes
5169,improvement
5170,processes
5171,knowledge
5172,base
5173,requirements
5174,3
5175,–
5176,4
5177,years
5178,troubleshooting
5179,experience
5180,hardware
5181,software
5182,demonstrated
5183,understanding
5184,service
5185,desk
5186,service
5187,delivery
5188,ability
5189,learn
5190,master
5191,new
5192,applications
5193,demonstrated
5194,problem
5195,management
5196,solving
5197,skills
5198,ability
5199,manage
5200,multiple
5201,tasks
5202,concurrently
5203,fast-paced
5204,environment
5205,ability
5206,optimize
5207,tasks
5208,processes
5209,proactivity
5210,must
5211,team
5212,player
5213,a+
5214,n+
5215,certifications
5216,highly
5217,desired
5218,working
5219,knowledge
5220,active
5221,directory
5222,ms
5223,exchange
5224,office365
5225,azure
5226,working
5227,knowledge
5228,printer
5229,issue
5230,remote
5231,support
5232,strong
5233,knowledge
5234,end
5235,user
5236,devices
5237,phones
5238,android
5239,ios
5240,win10
5241,macos
5242,tablets
5243,good
5244,knowledge
5245,networks
5246,tcp/ip
5247,apply
5248,send
5249,us
5250,complete
5251,resume
5252,english
5253,qualified
5254,applicants
5255,receive
5256,consideration
5257,employment
5258,without
5259,regard
5260,race
5261,color
5262,religion
5263,sex
5264,sexual
5265,orientation
5266,gender
5267,identity
5268,national
5269,origin
5270,disability
5271,protected
5272,veteran
5273,status
5274,job
5275,types
5276,full-time
5277,permanent
5278,salary
5279,18.00
5280,21.00
5281,per
5282,hour
5283,benefits
5284,401
5285,k
5286,dental
5287,insurance
5288,health
5289,insurance
5290,paid
5291,time
5292,vision
5293,insurance
5294,experience
5295,level
5296,3
5297,years
5298,schedule
5299,8
5300,hour
5301,shift
5302,monday
5303,friday
5304,application
5305,question
5306,please
5307,provide
5308,us
5309,personal
5310,email
5311,address
5312,mandatory
5313,experience
5314,help
5315,desk
5316,3
5317,years
5318,required
5319,service
5320,desk
5321,3
5322,years
5323,required
5324,work
5325,location
5326,remote
5327,apply
5328,click
5329,easy
5330,apply
5331,show
5332,less
5333,report
